"","X1","X2","X3","X4","X5","X6","X7","X8","X9","X10","X11","X12","X13","X14","X15","X16","X17","X18","X19","X20","X21","X22","X23","X24","X25","X26"
"1",7.07346322284487,5.61760416606354,4.35184929030859,3.45872740269675,2.81574919405204,2.1237573236807,1.72924381794892,1.41966397375744,1.12555990813415,0.952993194877489,0.835046849243932,0.693528821213395,0.612395309457033,0.551230454389755,0.454906861173056,0.44178592297699,0.404766713455074,0.364293067285166,0.333908267715258,0.314554137398258,0.30064569685478,0.278202247617862,0.275087065793856,0.256061346798527,0.245306887694922,0.230694698006292
"2",5.93551307958956,4.49872958692488,3.32203421462607,2.49526977917068,1.9328225758655,1.38112387925163,1.0736265450457,0.896946315327592,0.728870510813516,0.640272008916555,0.543774537798682,0.463563831121208,0.419986954341949,0.372795951437467,0.316561253678538,0.299261088101851,0.286097765677363,0.258545307936983,0.244343586518083,0.225581644095719,0.21680528597248,0.203583894175103,0.197669812276903,0.187867537647989,0.18270868564917,0.169465127962952
"3",4.94028602142771,3.56419926199902,2.50068293225404,1.77792285942909,1.31274559115397,0.893154455368052,0.695632042868272,0.592980399202214,0.496605542200029,0.449779778619573,0.373174523056988,0.334010441129484,0.300150618250443,0.275572658301306,0.23428379914882,0.222283947252674,0.207072570690801,0.187889497229185,0.181913328623169,0.164881984176717,0.162158249340688,0.154605918220732,0.146646223956475,0.140192533572074,0.136679008310269,0.127413322249013
"4",4.09048080122562,2.80179745399212,1.8652504194952,1.26093162294891,0.88924693560083,0.640839622604185,0.510125467388603,0.447082175509503,0.381111605394981,0.338269449811564,0.281713829039631,0.242958017561629,0.22265388346224,0.2061551486736,0.182759724596082,0.170493068682541,0.159535526993486,0.14494745023978,0.140121679929909,0.127295797223524,0.124464843021151,0.117491978042995,0.11265949320174,0.108203008127048,0.105779223356684,0.0989654928333445
"5",3.37071012891893,2.19226955782856,1.38518821733208,0.896276797332204,0.646045338024973,0.507333249002514,0.407273350116994,0.345777882928318,0.296481385594565,0.262123844811787,0.218544435816081,0.197099472876056,0.175565303041567,0.162595474515534,0.143572095833586,0.135745623671826,0.12386517470975,0.113913512034555,0.110970986292283,0.101605719257028,0.0986594374756318,0.0949594365246964,0.0907156555981331,0.0874603002576111,0.085773140480819,0.0806946233709541
"6",2.76349239876584,1.70865465446308,1.03055747537562,0.656919560408534,0.532339930470015,0.395963957332238,0.333722016279725,0.285708921491802,0.246074896940331,0.211469312201376,0.182110440572643,0.172086293508349,0.144610309120331,0.136500794774473,0.118435498852079,0.112050690754189,0.103613317622658,0.0960125593917279,0.0930735658849223,0.0862214941783513,0.0833633064785063,0.080836662164658,0.0774918365700826,0.0753139790632765,0.0741087785027077,0.0703346618179407
"7",2.25735013251122,1.32736125186012,0.774106199818899,0.573607102715715,0.419223847110701,0.347892389785984,0.278623848337972,0.250359798238682,0.215218157826744,0.188739502297657,0.158819058048851,0.142779918265464,0.12413912557779,0.119781120080631,0.104507133135975,0.100344475901151,0.0923006654589129,0.0849733280548009,0.0828051621245069,0.0784223760782956,0.0757785384970621,0.0740310310839165,0.0712106877882962,0.0694986958557226,0.0684599683260243,0.0657799762472615
"8",1.83933712489829,1.03099024051784,0.677774438177621,0.496651114096824,0.368760407886095,0.300130046673671,0.246644510074872,0.222940225237702,0.188716527660098,0.167884472043607,0.143697061794824,0.128161989722815,0.113666069224841,0.108723177457756,0.096417752642646,0.0912295011094349,0.0844125383089951,0.081138410341145,0.0787850655106977,0.0761686319104317,0.0736146341242095,0.0722127743803846,0.0699546944137351,0.0685696575733081,0.0674488570290099,0.0657970001348469
"9",1.49564664796555,0.825150655113679,0.600630178032802,0.419365136665195,0.325617103462099,0.265793586423329,0.222204669244889,0.202367879580221,0.173922578122487,0.151696852339233,0.133103198119159,0.126636407966629,0.107739024445763,0.10281155008187,0.0917400104722725,0.0907195446741723,0.0847783358374658,0.0809912656498032,0.079443077544504,0.0778090834502642,0.0751510760590355,0.0740679697690187,0.0717217835454463,0.0710741915793604,0.0702901784562491,0.0684794149796877
"10",1.217379408743,0.713391460184377,0.521725601136845,0.387936631457706,0.29392909073243,0.250243650318258,0.203736259457604,0.18302136079889,0.158304416762984,0.141590950751169,0.125882638129177,0.114824291438255,0.103372955771581,0.100694350269784,0.0947280957067162,0.0924827042727584,0.0845436820776173,0.0834848481223184,0.0817811625436514,0.0801824958788509,0.0780701024443328,0.0774904468705318,0.0757510495557421,0.0754721659686422,0.0746442125782768,0.0737559718916421
"11",1.12950991719525,0.676909033510427,0.505498932860996,0.379761688886832,0.300257614774309,0.257816406624604,0.218121584336062,0.193458804878728,0.171484945943002,0.162969277879382,0.142388043373007,0.130760117015895,0.11748709536213,0.114513177970139,0.108480594528094,0.104983843202997,0.096690543360968,0.0961507014637402,0.0949422202394524,0.0944208394512595,0.0909189116651027,0.0909403659787996,0.0892914939433338,0.0881798198392016,0.0877477451899585,0.0873801812865804
"12",0.971725970879178,0.612213031623049,0.449455838656197,0.345813036884114,0.277157136370156,0.23838101146509,0.200888592426208,0.182397158299767,0.162283434523659,0.149167058123381,0.133931306319765,0.123681618322787,0.11354548859674,0.11529145192057,0.106331276208101,0.104479530360071,0.0988746924256338,0.0986718803128124,0.0992026046517418,0.0978464391284517,0.0957930206729529,0.0952083682373854,0.0942384470970263,0.0924032016358583,0.0929379229034209,0.0916749471468191
"13",0.79655629974051,0.495573829946323,0.377942037092707,0.287141814277624,0.227457482562504,0.197772914600837,0.173382676524691,0.154662955120773,0.142259563878198,0.133402787873495,0.123912990521444,0.117407730110063,0.108575366965802,0.110832386152906,0.104549743212768,0.104114345861918,0.0990956990881747,0.100618277394751,0.0995956837265172,0.09923937711918,0.0963767684610342,0.0958402502917836,0.0944324126876898,0.0939261710514462,0.0943912943881069,0.093208148824767
"14",0.675280431189391,0.415566062531344,0.320658546064365,0.247731738740764,0.199343842829652,0.181578393462857,0.155830408032626,0.146431429256345,0.133122503924074,0.127720276960907,0.118411391989242,0.113035874829446,0.107126301002676,0.109665409355326,0.104586122023449,0.103280265794837,0.100139282465589,0.100813349784318,0.0997307490058724,0.0999343742989646,0.0972370280890681,0.0968098216704108,0.0959323186418372,0.0948713421153683,0.0964924495388542,0.0942684459489681
"15",0.578444998052175,0.368745155159758,0.286828988590041,0.22139264636644,0.186368459127297,0.164699574990978,0.148297931349086,0.143433105513709,0.12998124791221,0.125245392697934,0.116590691363023,0.110523741357908,0.105058493844672,0.10685080677007,0.104694045000256,0.103007418085535,0.0994463847519388,0.101699235651107,0.100918166023643,0.100486909320645,0.0974697512520697,0.0981284852977186,0.0967653338928254,0.0955449399288957,0.0965831509431813,0.0955161818949836
"16",0.508448192834652,0.33854119734796,0.260665995570756,0.21094146001163,0.177429876228487,0.156975999124802,0.142956721665357,0.134420429210931,0.127084041807512,0.121223946847863,0.114448806498795,0.112836010938545,0.107209711334665,0.10638782995203,0.104917981116072,0.103200169820393,0.100383069334712,0.102582395768883,0.101192321080251,0.0998846533509647,0.0977312080515079,0.0975443151060137,0.0975047620692324,0.0956922033861319,0.0971174687091113,0.0948049607850037
"17",0.460533224156335,0.308840399242466,0.243980581244384,0.198731542496828,0.170041772180598,0.153162847321996,0.141688887324859,0.134370211813333,0.124598263655127,0.12259732005003,0.113291390084778,0.110592416989693,0.108250110575682,0.105754544544291,0.105229564763095,0.102665702048371,0.101482339166222,0.103749884821644,0.101325899148307,0.100592038344675,0.0971464793827307,0.0968560513457258,0.0973077459376585,0.095774073491541,0.0973216393434872,0.0958113910544839
"18",0.420358735632304,0.288502104772907,0.230617321319011,0.191820133014183,0.165464978153813,0.150599298745971,0.137952450397178,0.131660094513401,0.126562667519961,0.119181684569761,0.112034938546186,0.109145130180678,0.108148023401767,0.105469381658967,0.104824133964647,0.102577850572866,0.100358790301186,0.103494519149692,0.102135474714225,0.0997048549627723,0.098042628351541,0.0964747647529283,0.0969563326280934,0.0964756820234216,0.0983736496116611,0.0958947693698232
"19",0.38383655466396,0.272763829704509,0.223769226845406,0.184197085724327,0.163895931954841,0.145940801075373,0.138949320488227,0.129624737983314,0.124800683904156,0.119432068926468,0.112662492501076,0.110023094515418,0.106711046298748,0.105222132451498,0.103952401035684,0.101214019515705,0.100598177052891,0.103406935840266,0.100838501989218,0.100489331761223,0.0986443044379411,0.0966629157518981,0.0963310290692063,0.0965513507992819,0.0974698477895297,0.0953531214221087
"20",0.361443445580512,0.262503923835316,0.215077584152041,0.181251374080665,0.159799814493385,0.145154826853068,0.137368704364976,0.128722912226415,0.123002661212027,0.12038668126698,0.110559281229136,0.10909563915535,0.107640089182484,0.103908065274788,0.103995333541397,0.101152627016218,0.101019471593672,0.103232105988614,0.100131341997671,0.100232171637739,0.0983733882279604,0.0957540053136901,0.0973420693169397,0.0961833720038839,0.0975944559575768,0.0954425329748832
"21",0.344182393568812,0.252780190248408,0.211391185205255,0.180567980697046,0.156592525104447,0.142293476933593,0.137108459887386,0.128944048517881,0.121735680971958,0.118360078677354,0.11060265691909,0.108290940713309,0.108148053724874,0.105451026249115,0.103451438090317,0.100984321194328,0.100119105776526,0.102812553396679,0.100662749161359,0.100448974501679,0.0977913811574216,0.0956149809223208,0.0971992726852778,0.0968406285132044,0.0988505734086387,0.0962519555135369
"22",0.331668314931274,0.249143894029301,0.204831927490466,0.176582244262171,0.155819011749659,0.142505099814293,0.136255107340419,0.125951883648278,0.121556947160337,0.119333259631879,0.111296474687783,0.107810874315418,0.10921205719782,0.104980557029691,0.103118463751467,0.101677601086302,0.10077668140441,0.103512300830222,0.100398197025502,0.100063514233864,0.0979671649236251,0.0954377367727911,0.0961954986410016,0.096780618829443,0.097334530046041,0.095388215098308
"23",0.314194110926163,0.241534905689256,0.198352633754267,0.175445717658414,0.151844248027822,0.140830749551281,0.134954216112899,0.126767409532636,0.120237086884041,0.117539260900149,0.111634479919157,0.106600453576734,0.108804271992982,0.10385717342775,0.102789495956195,0.100939342793491,0.101081291087053,0.102386076366506,0.100418716287678,0.1000131860553,0.0983241826768429,0.0953222007514713,0.0964451495353694,0.0967862257050146,0.09734355435715,0.0955272202770687
"24",0.311597321049592,0.234129462910811,0.198294515814716,0.173026279043668,0.153794141916132,0.139267584324893,0.133142428808859,0.126561077926274,0.120605874127393,0.117704979341666,0.110788667962028,0.106396462535702,0.109218624991521,0.104123239408625,0.104048827629967,0.100505304979272,0.101344974376428,0.102408909952152,0.100871846740728,0.100225123874875,0.098371350067076,0.0956570225998792,0.0967103038351189,0.0965297251725194,0.0968655946460155,0.0948259551786555
"25",0.303238500398471,0.231914371872383,0.195332669260233,0.171832303006684,0.150256648268526,0.139155845876843,0.131502484046478,0.126996893816775,0.121165112867383,0.116173389577107,0.111028351965756,0.107161116250986,0.109108245503651,0.103642429258062,0.102568707220389,0.100359722014784,0.101876411884899,0.103486578792221,0.100081447384289,0.0998243960177732,0.0985018959104406,0.0964668579873802,0.0972696175181768,0.0970511604446236,0.0967614800278417,0.0953274320021957
"26",0.297101338444178,0.233531027150057,0.198299987858064,0.172081741152208,0.149859958765199,0.139946768028032,0.134748028593112,0.125233936793182,0.12081122477429,0.11591309750012,0.111412441252987,0.107598522573112,0.108976088165733,0.104732702167661,0.103045696036434,0.100418253611663,0.102465497860287,0.102566441220456,0.100725515558775,0.0993591703402632,0.097978865614243,0.0956780900950829,0.096789521389419,0.0956576917853693,0.0959984221726187,0.0945363683981915
"27",0.289652630843767,0.231273907202803,0.196807578635658,0.171660353348972,0.151646714082657,0.138498321524248,0.134160882327522,0.125223366339694,0.119761617751843,0.114455629071052,0.110786888108935,0.106121278425541,0.10873323520377,0.105529362525744,0.102344202052867,0.101003757948383,0.100577499663881,0.102158126710962,0.100771340191461,0.100230181362562,0.0983792076215202,0.0969456886285286,0.0973009594520519,0.0964315054100731,0.0960399556145601,0.0949441494555538
"28",0.289942842780662,0.231975440732978,0.193543829084737,0.170154179225411,0.153888725793135,0.138918796914951,0.133731664519281,0.124474334170165,0.12047547923466,0.115813616845802,0.112058208079668,0.108355555746719,0.109780351093942,0.104987130390888,0.10233755928924,0.100467933571248,0.101494274359516,0.102665980190307,0.0998597877750328,0.0995482248880716,0.0984417204278748,0.0968905878948026,0.0980968967166484,0.0961857512565417,0.0964383135990679,0.0952122688287975
"29",0.291182343915768,0.23282465930612,0.194420220363541,0.170851074032297,0.152108916463277,0.143184449997813,0.133130258158192,0.126278066799384,0.119722451469165,0.116799966644836,0.111755681112977,0.108584086514301,0.108951834912378,0.105286987196777,0.102681304424972,0.100401815197071,0.101298403818623,0.102051873187845,0.100194553150373,0.0997657577191919,0.0986648538176582,0.0962506766991458,0.0969612620340699,0.0957113802082615,0.0961287845800169,0.095427826648167
"30",0.288175414195641,0.22814709471005,0.191989941680441,0.171639486354634,0.149438533552869,0.140181502286375,0.133582373691479,0.126848596315526,0.119346088761942,0.114949999663279,0.111139079740615,0.108344416746626,0.109669233798263,0.105796217158108,0.103128471702559,0.100773742852149,0.101392674027608,0.101463668369144,0.100066116118239,0.0995262462164718,0.0989858061920328,0.0964716988783233,0.0979853268999231,0.0959693382397157,0.0965928247672079,0.0948503587480617
"31",0.286032778287787,0.228687429854459,0.193824317846497,0.171210677593487,0.150680705911257,0.139046287586829,0.134963265932436,0.125454164599597,0.120799132690058,0.1165417280236,0.111971693389014,0.108157553615266,0.108620571702745,0.105416481742805,0.103420258588209,0.101543093058265,0.100855211835658,0.100944403339253,0.100065679955457,0.0986943468083325,0.0992760908669541,0.0969887837243148,0.0977316073240592,0.0953515746399413,0.0961148581355552,0.0950426010099446
"32",0.282910820488304,0.231781283975772,0.194431057613084,0.171139533229277,0.157417969164467,0.139052850176203,0.132947835602044,0.124881216691753,0.119162934650026,0.117061485332531,0.112130243075272,0.108959491313907,0.109514897626062,0.105690187489658,0.102924720583752,0.102140895451917,0.102133009544175,0.10134918271845,0.100821940202166,0.0991862496918265,0.0996497192817192,0.0968473196762299,0.0972904896531273,0.0949044714757428,0.095799150547866,0.095741230355805
"33",0.284497144705851,0.227833641283316,0.193201913804297,0.171349664878941,0.151968215574853,0.139111224456848,0.132881217438425,0.126319504504832,0.118591341287419,0.116623784376533,0.111940755504333,0.110123740997518,0.110645087125384,0.105218093866004,0.103721734554642,0.103194824050681,0.101424197241229,0.101326408465621,0.100568031523684,0.0985544566030406,0.100029875152372,0.0976204003995249,0.096793855051624,0.0963222644868711,0.0959950233920897,0.0953258284018058
"34",0.280292163763674,0.229264269034894,0.19305310358855,0.170311233835955,0.151169715387483,0.139215930155878,0.134027689544334,0.124488214203114,0.119936616124285,0.116997152795832,0.11255217151247,0.109464083727944,0.109951584849398,0.105874652494695,0.103425744519898,0.1029536896479,0.100961758019013,0.10174651840424,0.101213807045971,0.0984711405370013,0.100908686423257,0.0977029478452443,0.0974843845342105,0.0958258221063028,0.0957553622846002,0.0955214917524353
"35",0.284494912041366,0.23142320258711,0.194126839853091,0.169569110013107,0.152576192918998,0.139559897111334,0.134813465481227,0.124068241999169,0.120024385566549,0.117393396887467,0.112983889132066,0.110457701279254,0.110313138296377,0.1059142317198,0.105465948485373,0.103332532298641,0.101246577947373,0.101892939144798,0.101113288246526,0.098282332819042,0.100579495371406,0.0979503592000371,0.0966123320750439,0.0963925755922624,0.0959002698132841,0.0965245976138499
"36",0.284155567661367,0.228949723185757,0.196227727392051,0.170112341681022,0.151241362578009,0.140331636652528,0.133135204229717,0.125266213713169,0.120314642004024,0.116135302966582,0.113422794805505,0.110030969817217,0.109429671379984,0.104506748131013,0.104704510184952,0.103487277164745,0.101898176272869,0.102171849432851,0.100422356467929,0.0990897853925611,0.100248687459718,0.0987437547386168,0.0964500698403247,0.0960023927362107,0.0958123379786806,0.0963305745971892
"37",0.284011251041266,0.227407419531278,0.195080440271973,0.171099876690569,0.15167483064001,0.139715300401075,0.133127123822661,0.126501449715097,0.120614932296079,0.115949081286029,0.112293676388678,0.109327979545579,0.109640816464136,0.105698727014066,0.104657454240337,0.103776572216411,0.101178909263268,0.101234328408241,0.10029165976708,0.0994433271220121,0.100600245836882,0.0986435715169167,0.097036057562536,0.0969598443176438,0.0950657084376279,0.0965133548258615
"38",0.280675091185956,0.232384384107918,0.192257632673761,0.169052828272812,0.150700551541315,0.140791738350235,0.132313999470226,0.126139826268944,0.119993488675766,0.113732399460624,0.112428619223847,0.109543668456827,0.109743855843293,0.105497914451569,0.104876643308918,0.104366808479692,0.101307165661523,0.101081405972072,0.101084634367669,0.0988498174941785,0.101568434720319,0.0997280349817782,0.0969250151519389,0.096587304844608,0.0943742401263361,0.0965926721895999
"39",0.279782640796889,0.22726171373089,0.189383496948176,0.171107432128029,0.148223620522399,0.140295936700602,0.133505417441473,0.124950630758755,0.119178949429812,0.116043417636078,0.111877624279728,0.111207166914206,0.109932569875324,0.104684655369501,0.105793557385761,0.103900523493228,0.101678632281031,0.100757147355548,0.10215904685759,0.0996848903017993,0.101256014400847,0.0980664968355879,0.0967040084462876,0.0970631187759861,0.0942402304482863,0.0972615859514202
"40",0.282760436347288,0.234049723231015,0.189371548597702,0.170053256342356,0.149421664890515,0.14128927044947,0.132076651566841,0.126325574217647,0.119126795118215,0.114020068411326,0.112780563007087,0.110221094683579,0.10915396279985,0.105722733723803,0.10535904914184,0.104264167640817,0.102444101327975,0.101595546483873,0.102376885752575,0.0992765142423788,0.100868116783388,0.0994072196138887,0.0971280347933974,0.097704855809991,0.094829510588426,0.096245781064407
"41",0.27755246895025,0.235173567767279,0.191112448160303,0.167865019700081,0.149051547870183,0.138214189615359,0.133438857199593,0.126773247180668,0.119864026629905,0.114827178352635,0.111163221937283,0.111462069260811,0.109318933551387,0.105801188523302,0.104929942254816,0.104139059466212,0.101175250803895,0.100771912786018,0.103344918051386,0.0986856457328315,0.100613307911366,0.0989504142426374,0.0970621933746796,0.0976431403082548,0.0939105642191384,0.0966935282967382
"42",0.276725896020197,0.235322965730531,0.190698731461975,0.170937808852047,0.146900767132665,0.140014335702827,0.135611535944925,0.1275593517761,0.12031417830207,0.114548959928287,0.11151820058575,0.110430794877519,0.109104498881135,0.105452999422349,0.105564488983645,0.104117801817923,0.101756670416791,0.100908938363647,0.101913603762325,0.0986782211375011,0.100395976731749,0.0993369663214412,0.0975078133570298,0.0980699770453621,0.0934754531446386,0.0967944502130689
"43",0.277522641339376,0.228785686399869,0.19024367265473,0.168159304998355,0.150087940497672,0.140988851700161,0.133997569063098,0.126491318143534,0.123172112429892,0.113913019558044,0.111652503705626,0.109301988625033,0.10898855638397,0.106971565694193,0.106817153504816,0.103923373698878,0.102086821635749,0.101625288948097,0.102778760562507,0.0983891944903115,0.100395968736332,0.0985814452881,0.0976922787112243,0.098023803292579,0.0942615800698309,0.0966012816787322
"44",0.274969020908766,0.231057888941982,0.193997326727554,0.169597170967944,0.147724930240455,0.13892409168921,0.135638904899139,0.126638058973921,0.121935788815879,0.115259965371313,0.109666045277113,0.110617934959914,0.109172771410674,0.106548823095076,0.106100812831031,0.104154812107304,0.101774475291969,0.101421373375241,0.102641245744375,0.0994735657953795,0.100113909193772,0.0980784689598359,0.0982972972396661,0.098534378099844,0.0942482590927848,0.0966141765902479
"45",0.2763755106436,0.232488701348399,0.194745717519938,0.172805734090584,0.147804766035651,0.139552080585023,0.1352860180377,0.127554679441881,0.121769706937923,0.115806203897475,0.111023693618873,0.110353844305262,0.110679418921611,0.108155603993596,0.105445842870612,0.104606830720399,0.101458722320201,0.100628884785454,0.102990702178446,0.0993160373047752,0.0999497729869219,0.0983933235904095,0.0984330626926886,0.0980980198107307,0.0944560820075267,0.0962487237416118
"46",0.279935534281359,0.229846968395183,0.19380212596764,0.169775006429753,0.149658869703286,0.140177441826331,0.135180303923868,0.127990081150288,0.122300397496018,0.115472195483036,0.110748997181842,0.109753135289541,0.109032259383641,0.108527456360663,0.106493311957407,0.103301306606738,0.102169085207378,0.100017623672344,0.10322350829716,0.0992722720692313,0.100540646021464,0.0982926418337356,0.0980566309484881,0.0980500503390586,0.0947331946032492,0.0963387732821716
"47",0.283485903931795,0.230712529944241,0.192903235798886,0.169276522171817,0.150323463362711,0.14004588571319,0.135193363175867,0.128361479839676,0.120088500545919,0.115976047007993,0.109526196466492,0.110823139025262,0.108640399801119,0.107288823350283,0.105410399676118,0.104640043447766,0.10113231571587,0.0992350153786824,0.102645975215427,0.100276758955805,0.0991019704730455,0.0981160336255341,0.0984447713469561,0.0981394987848254,0.0952261683715905,0.0955276257094757
"48",0.278343604771884,0.228298249232171,0.194845551261227,0.166603249816671,0.147238812374163,0.140157418529888,0.136776349001833,0.126828667902664,0.119845979294233,0.116484414006898,0.109790303720572,0.109540261373723,0.108916566741341,0.107565854658131,0.10568232803251,0.104239948340072,0.103158816809749,0.100339159180967,0.103096957569314,0.101027213745606,0.0988457612452454,0.0977433537088185,0.0985332316989681,0.0981900143153596,0.0957864504483102,0.0959995312984308
"49",0.282408054020897,0.227133910159234,0.192017631696114,0.168987439936434,0.147203013036834,0.141427088977626,0.135382838132564,0.127492765432242,0.120641022807615,0.116519130982223,0.110974895840886,0.109444801460848,0.107645180184118,0.108642814172629,0.105682328174417,0.104669561728759,0.102259281586996,0.0995140944370123,0.104020729571566,0.0995432316158697,0.0984671864660873,0.098288325777589,0.0994334274473348,0.0984862887230942,0.0948279641732537,0.0954378762874962
"50",0.278709915292391,0.228918554432271,0.195817059647412,0.170471525622493,0.147944170922062,0.139189314728886,0.136576351820789,0.127455865637818,0.119209863566795,0.115098384004709,0.108863347096437,0.111336727436517,0.107630307859902,0.109622615385951,0.106159192037515,0.103768544964299,0.102923293119634,0.0998041215364555,0.102574559597822,0.100293627934,0.0988335680167171,0.0984434746540395,0.0985551859897937,0.0975634642011487,0.0956452184460065,0.0953516558863412
"51",0.280566529765731,0.225428129708159,0.194085028749515,0.166812948364206,0.147629109905791,0.141471044164114,0.135774615278496,0.126831867210159,0.117728415759585,0.115816950495471,0.109625529498652,0.109078280138961,0.107950166692153,0.109247859868291,0.105372681089973,0.106004818136126,0.103440368243917,0.0997075286881153,0.102916089200048,0.100407714455168,0.0985961022905117,0.0985338874172215,0.0985130482344707,0.0976915938576942,0.096351378073798,0.0954581707230473
"52",0.283449674305065,0.226055971324887,0.198290673903439,0.168928603483324,0.149222238234413,0.140616581249223,0.138207437020831,0.12700225725051,0.119792109976516,0.11490059504733,0.109938280567402,0.110828290665716,0.107650273229082,0.107753765473698,0.105276894138693,0.10361560281028,0.102811253839732,0.100418759643509,0.102604045641112,0.100569119399592,0.100268180184719,0.0979908176036869,0.0989966571640356,0.0982966454214325,0.0963601946009678,0.0949981565093935
"53",0.279748589893041,0.226105719223728,0.196811767009078,0.167621014579028,0.149155124603477,0.140363904212845,0.136116745681104,0.126832886491304,0.117664817610928,0.11886731183942,0.110226472460622,0.109759871269977,0.10698461440748,0.108881104344219,0.106381373552411,0.103605668390749,0.1042046314455,0.100810351415907,0.103142062476579,0.100851417582932,0.09926671174534,0.0987688025568206,0.0990913416625577,0.0980331009031393,0.0968769675888096,0.0954942662210379
"54",0.277330511015852,0.224176335057931,0.198363823588443,0.169812266938348,0.149657544566822,0.141449536830333,0.133902567423169,0.127758597491451,0.117508352403557,0.115605165414659,0.109830804907036,0.109895189572763,0.108888390241739,0.108637571507285,0.105404836201917,0.103577201973165,0.104238318278685,0.101218041978839,0.103161983834738,0.101103689386464,0.0993211494949646,0.0986842876939084,0.0989486561199995,0.0977844865238734,0.097634711696933,0.0955183607623407
"55",0.276193010021172,0.230491962029338,0.198887507492576,0.167875771036075,0.150003988411917,0.141396955202823,0.136073188995027,0.127786663323405,0.117278071076177,0.115633499516028,0.10962798249124,0.108691643704525,0.109765173058876,0.107884674938374,0.105005069023447,0.10395239744814,0.102821513637814,0.10178868638502,0.102960530457838,0.100689259594819,0.0985701582324411,0.098254464425807,0.0984950609552788,0.0974024470888483,0.0973507501112738,0.0961710890063586
"56",0.279623497456391,0.225509243663744,0.194406182155392,0.169298427793449,0.152157448026227,0.142427503692404,0.135525147559617,0.12843888632059,0.117433310997862,0.114592312715921,0.110284396032883,0.109456620403962,0.106659692385942,0.107342202901701,0.104858190776074,0.103681167430341,0.1036960962945,0.102658398688111,0.102250305865627,0.100864313414556,0.0982385614804514,0.0978608095514818,0.0982092626473362,0.0967299303792154,0.0977369568380122,0.0953475740971225
"57",0.277939050263873,0.229767776572463,0.196924917452894,0.16816628128057,0.153884663891822,0.142224988660935,0.135274368709444,0.127537912666538,0.11902774605124,0.115372597928475,0.109187927616357,0.110461224677428,0.107857608526514,0.106510762590139,0.105530181422384,0.103245209017812,0.103457647586911,0.101575272116632,0.102519523934043,0.100931723351535,0.0983898968133192,0.0982066814376244,0.09936163983328,0.096816624779109,0.0971568745473478,0.0955632863720091
"58",0.275626965591228,0.230664893885137,0.194114164743593,0.167883144225701,0.155276732596195,0.140948640071286,0.135100019837557,0.127992808487256,0.116324495767849,0.115753117784188,0.109865556661798,0.108348534277173,0.107520675018612,0.107016104892988,0.106028213137481,0.10371526330958,0.102263867954051,0.102569059306595,0.102780575159597,0.0999101341726092,0.0981436153558287,0.0990796503645537,0.0982588135224777,0.0957500781479972,0.0976141488325134,0.0959794587409145
"59",0.276019861572956,0.229432142350676,0.194725465565692,0.168225658627244,0.1545156433634,0.140484584184561,0.136696557800431,0.130324104694373,0.118116041157271,0.114335041148718,0.109880481419985,0.10975404063747,0.108537172240266,0.108166490775975,0.105830012629797,0.103031810338176,0.102674196725445,0.102666904684018,0.10202620228525,0.101413881444108,0.09771686228716,0.098519728418463,0.0984188532686301,0.0955341162681348,0.0968644767702033,0.0960027583536743
"60",0.277419204254882,0.23139921907361,0.194203171475775,0.16930507360979,0.15423753389995,0.141228840729797,0.135451139004384,0.128387510481306,0.117587877032703,0.115744364178142,0.110501009721149,0.108884164966858,0.108551447170774,0.106473397774177,0.105518637576618,0.10365234275464,0.102229827704418,0.102534815618219,0.101982276076175,0.100551224045297,0.0980291032936449,0.0987543670524682,0.0988464625354879,0.0956489234609925,0.0964661872513855,0.0959131003109057
"61",0.277635852739486,0.229028407254514,0.19240006328086,0.168705925845846,0.156914826733257,0.139140278224488,0.136064092396162,0.129335941492356,0.118146907403249,0.115618679740919,0.111957182002354,0.111114227643574,0.108731880591853,0.108477293108076,0.105017124602513,0.103674623673327,0.103360461249209,0.102744478561249,0.10133151371999,0.100412937385777,0.0984942593972268,0.0983335125554105,0.0981812477378446,0.096410094403329,0.0965527335246007,0.0961245071504968
"62",0.27743219678194,0.229608986054856,0.193049987117845,0.166291203303105,0.155980489520308,0.14085414999474,0.134891507119905,0.128016252934135,0.116181168961079,0.114739682030834,0.110670792165619,0.110870957244594,0.108731664891573,0.104803168516749,0.106389267309258,0.103668886426513,0.103101159412153,0.101997865478936,0.102523752341811,0.0998168094614068,0.0986356025287725,0.0983538056114219,0.097798298863234,0.0947588351537471,0.096634855278472,0.0954550253836872
"63",0.279517800290856,0.230382527832362,0.194066225071295,0.166771629411801,0.156915665202323,0.138352619466259,0.137615434516724,0.127029117255281,0.11829716604061,0.115524274663721,0.110965810629634,0.109745636671436,0.106777184365066,0.105444888156932,0.1051833351177,0.103398208536207,0.104331702452838,0.102984385111188,0.102197790860264,0.0990281350148034,0.0994700607558077,0.0979199571290767,0.0976138521924001,0.0958573526795285,0.0960735494702928,0.0944263797436448
"64",0.282701563646665,0.2287077454485,0.193620121557388,0.171496981409682,0.155496706778268,0.136912091437861,0.136759269991457,0.125555629314601,0.116322055055154,0.114531328356992,0.11129117424099,0.110706532714859,0.106837858316658,0.106563105264816,0.104462700713655,0.103537760144216,0.102424003546045,0.102643000863963,0.100882902013844,0.0982276425786743,0.0989246934198674,0.0980820712549718,0.0964618495325449,0.0958919041618407,0.0964570281977815,0.0955550325828813
"65",0.278436213860406,0.227550835364431,0.194338348891429,0.168390570330285,0.156434012033228,0.135734560726235,0.134882025189838,0.125263532429796,0.118053647548487,0.114563786301518,0.113990879818346,0.109912377308449,0.106290000538176,0.105741780228714,0.104545387134778,0.102956771033534,0.103537578096485,0.103866180186601,0.100907600644068,0.0982753246867034,0.0984640299830208,0.0979611235142135,0.0972484107387547,0.0955122826062909,0.0965636314356615,0.0953527710105686
"66",0.27900275108115,0.224466426389225,0.192752699226302,0.16834386459667,0.15533800761663,0.136775500490012,0.13496963236168,0.124518575691847,0.119353461571148,0.114942003733592,0.113908076977436,0.109782000292725,0.106272099421121,0.10666628018767,0.104579559235086,0.102513478773338,0.10276656714828,0.102783718030128,0.100570858888517,0.0981508842917985,0.0985484768851412,0.0980374054599741,0.0978845053054635,0.0967312219448314,0.0969434130635704,0.0953118605704737
"67",0.277919455167732,0.226066862085035,0.193186505579813,0.166411343260424,0.156773464207007,0.137309065486746,0.133176686880604,0.124068249498605,0.116995252033246,0.115620614494673,0.112222786916515,0.109768643138798,0.107324807926245,0.105742274055599,0.104102349362557,0.10165372194697,0.103163024482656,0.103797604211193,0.0999691193393556,0.0989931736351748,0.099481951672391,0.0982526864697851,0.0965294239981089,0.0964751029975683,0.0963840704544693,0.0957073610443218
"68",0.276081569138895,0.223054446497834,0.191671277991716,0.16689246673193,0.154824049495412,0.137862775360633,0.134396361385854,0.123002643101345,0.119244939967878,0.115095165775125,0.113146665081729,0.112255175516782,0.106806345889456,0.105399233707045,0.103559469225078,0.10237294665814,0.103403029759706,0.102322945358609,0.101256426604941,0.0985065445528278,0.0983235651308501,0.0979091233247376,0.0964436014895239,0.0967864294259416,0.09734484951235,0.0950000766312212
"69",0.277276964265366,0.227058920947141,0.189948648781249,0.167288753392987,0.154891265698969,0.138133182810064,0.133792903590751,0.123359508912454,0.117112711885275,0.114536419773268,0.113635660640725,0.111004550516685,0.106685493560603,0.1051520548181,0.103159615176031,0.102508231395864,0.103966652379605,0.102238977145494,0.101437078892443,0.0987896129398113,0.0985969680320083,0.0987909132156357,0.096595067268492,0.0974663075961514,0.0960216113920768,0.0952721661319909
"70",0.27526203450875,0.225151498473948,0.191563175426606,0.168117074518663,0.15535999985528,0.139961063380294,0.133124469099968,0.12296255425986,0.117984708806944,0.116451521155705,0.114448341170775,0.110304757647682,0.105708276203691,0.104440675926198,0.102290225659368,0.102077868756171,0.103101421054213,0.103440325902641,0.100845183845901,0.0987620032402171,0.0989386098183401,0.0977278992998692,0.096121619927902,0.0973242710204017,0.0963318499215351,0.0952530301504617
"71",0.273635776880948,0.223891321415254,0.190838410767281,0.167329378921594,0.153252194419766,0.137691394276786,0.132620307865301,0.122123810453047,0.117593423485853,0.116155615057184,0.114032574317703,0.109962667883271,0.106441051323801,0.105283812647069,0.102488815996341,0.102039610224573,0.103840957093355,0.102185407248759,0.101109656361011,0.0990262284246922,0.0983734384133694,0.0986361585286028,0.0963818639801403,0.0976820550931665,0.0961757326936941,0.0959620679084682
"72",0.274749745513457,0.223841105914475,0.191105260000647,0.168510711497561,0.154107873664835,0.137764982467797,0.133521994675613,0.122875275522126,0.117339898664309,0.1180370439529,0.115055329881232,0.110313441306968,0.106498778363195,0.105281617226096,0.102126109276985,0.102198258887269,0.103180819943607,0.103713264997491,0.0997222820975232,0.0990790763765477,0.0976438386915935,0.0992884233492155,0.0963842487028833,0.0978463483089527,0.0958034019743249,0.0951462191441574
"73",0.272077558196219,0.225919306880989,0.19082858782265,0.166589965117491,0.154185277684573,0.139038336765915,0.135135436460502,0.124460683186563,0.117180049041109,0.117088309192136,0.113252877343209,0.112140178399322,0.10523963816997,0.105117702176941,0.101064181525723,0.102170402197656,0.10343157177666,0.102693673233434,0.100124539333212,0.0997179474493969,0.0982310742019402,0.0983314069145019,0.0962462975749324,0.09804196919181,0.0963335303420436,0.0954620907374393
"74",0.272259697323648,0.224585994758599,0.188012739967593,0.167846962109048,0.156029089005849,0.139933624180161,0.135360260099839,0.122830679247454,0.118052123983061,0.116986824221115,0.114805599668157,0.112095973079168,0.106562521502334,0.105366017924391,0.101637102962228,0.102072369282128,0.103963855455264,0.104420908337474,0.100141891890108,0.09937088879105,0.0976557516839374,0.0996059983421988,0.0974739550990673,0.0974526383059569,0.0949265630224646,0.0952615222126056
"75",0.273367656710757,0.227584203036347,0.188656842117319,0.166630071670192,0.154759180956428,0.14076419914078,0.135173716584973,0.121629635307144,0.118522810906396,0.116743681298209,0.1134540771489,0.11278238945512,0.107523657268442,0.106411117820942,0.102328072297234,0.102087229868354,0.103272532772834,0.102587203327009,0.100128498700667,0.0996243674369874,0.0990954156123625,0.100223413512376,0.0970442827235828,0.0976300153829842,0.0945708431551128,0.0953261824999346
"76",0.273182056319181,0.22792571189556,0.188694509961368,0.166990678810516,0.15740537673717,0.140514985753146,0.134961945748952,0.124475186933322,0.117835230153949,0.116904312029887,0.114777450670008,0.111046488037328,0.107877267484477,0.105404642090128,0.101802026025695,0.102696495569342,0.10263645124649,0.102825660581957,0.0997572783811828,0.0995837140293262,0.099168233168119,0.0996901116813098,0.0968434607721601,0.0976603093452811,0.0952812996541762,0.0951345792920327
"77",0.271479957146849,0.229502736256361,0.187006251766396,0.167576186993408,0.155086796933003,0.140861723503463,0.13477690777055,0.123651716677052,0.11919741290451,0.117511193785352,0.114972435325282,0.112415045226646,0.107218045381492,0.105272953239354,0.100991440532576,0.102560353715742,0.103382064222861,0.1025042975787,0.0999695470835825,0.0992294088507617,0.0989171683454254,0.0994181330791922,0.0969225179567244,0.09700560573222,0.0946947934294192,0.0956196921549753
"78",0.271271522359081,0.232430723258782,0.187526099716053,0.171135740730528,0.155464155364907,0.142641776287172,0.135484603813069,0.125053530042129,0.119053122421779,0.117718516347059,0.114035523449975,0.112493164017108,0.107219864122047,0.105935410884668,0.10129061301225,0.102449439578826,0.102745344212676,0.101629938588997,0.100188220141404,0.099748331285642,0.0989193834398561,0.0994043564758877,0.0965716967778281,0.0974148474755581,0.0950824009482664,0.0961361657343733
"79",0.274371693941086,0.228768980434844,0.187541251493129,0.169013444468271,0.155431237976091,0.144383141682564,0.13458867314511,0.125166308835668,0.119055940568879,0.117738804504043,0.114741405115012,0.109264533523861,0.108746149242056,0.105146025504154,0.100990716668025,0.102770153643659,0.103160425457815,0.103267928277237,0.101115017199087,0.0989054461253111,0.0999021965640737,0.0987653985310156,0.0969041395000385,0.0970164782307198,0.0950398445258098,0.0959424867669962
"80",0.274588287730851,0.232397982617537,0.186645984772301,0.16905360293273,0.15667139499927,0.141090205000776,0.134479942733373,0.12557141780727,0.117936411037141,0.117805405445828,0.114682044577959,0.109933951191049,0.109258761783766,0.104699042439783,0.101318611614057,0.103061057539532,0.103629760420336,0.101696800944284,0.100781208049491,0.0997516400242965,0.0994569951003957,0.0987309149124633,0.0967051932165709,0.0968521990746393,0.0953431119320968,0.0963628908606242
"81",0.281450143759052,0.231341401615184,0.191570975268816,0.169866884271805,0.15559924914322,0.140669660083717,0.132389538706676,0.126363070359481,0.118687598394199,0.116736727949062,0.112872217406492,0.109436437819112,0.109606589083374,0.1051720748881,0.10363601592008,0.10345623394135,0.103097726853495,0.101623938202175,0.101276450092165,0.0998278366436106,0.100017542947039,0.0993056446881982,0.09644709228393,0.0961651212935607,0.0961077291562808,0.0972718584244811
"82",0.282643426802789,0.230737420758612,0.189776025141135,0.170025298207615,0.15672717502136,0.142210614189803,0.132795126906437,0.127102232180841,0.118960732949951,0.117100948839776,0.113152423628986,0.109148053721865,0.109821786947601,0.106792420886729,0.10252303526512,0.103926714983005,0.10323910608126,0.102567218627206,0.101325365197451,0.0991908578406639,0.0992910360835562,0.0984512705734374,0.0973098095379305,0.0962926085336925,0.0959106807663237,0.0970555670303256
"83",0.280977045134473,0.228887701354104,0.191307262704866,0.171084153327595,0.152585135655264,0.143297209578525,0.134896029174842,0.128505138414965,0.123695579059445,0.117048318719573,0.115452603856522,0.110891558646239,0.108954638639151,0.104484472475153,0.102281654482339,0.105962686764161,0.103137183317806,0.102271440970944,0.101575583981748,0.0993316478091915,0.100108388090019,0.098754551932792,0.0973853163589652,0.0965020956703896,0.0959898693579383,0.0973308895133304
"84",0.281945589694945,0.231834896276979,0.192597233703199,0.171567835116462,0.155782456239105,0.147444155013954,0.133967831220666,0.126902659602489,0.120409725532137,0.116225625464752,0.112543364769346,0.109023055446187,0.109014451786022,0.106174120610514,0.10280493555145,0.105177679720213,0.103023137156754,0.101468766410578,0.102122694228792,0.0988217721648491,0.100373936579785,0.0982993499925204,0.0970929167103746,0.0958839462735337,0.0964058555208938,0.0982029350338588
"85",0.279693428647514,0.22803822083599,0.190012113602126,0.169734724813641,0.152414411897989,0.145258954290886,0.135545382380253,0.126522597605929,0.121213110894992,0.117263318932159,0.112867000478163,0.110549496951125,0.108909345382228,0.10554046523491,0.104362112645405,0.105459966134946,0.103634796640544,0.102283117548426,0.102514854101322,0.0985247828465146,0.0994255809327028,0.0979609253887042,0.0973752179638627,0.0964434480474699,0.0965803910556335,0.0979803210689835
"86",0.284190731815001,0.230245647243251,0.188432036661368,0.170727302946423,0.156005273672044,0.144493136517813,0.133528495882791,0.125932580709365,0.120475168206725,0.117646355635235,0.112818502252707,0.110763794331942,0.109372658676087,0.10463712300716,0.105602689434782,0.104472518736915,0.104091859563871,0.102696830527593,0.101574266196867,0.0991725815565509,0.100047757633963,0.0985315815240236,0.0981293620233979,0.0961947166839708,0.0954032962695667,0.0982963282223795
"87",0.283925088088807,0.22940757494747,0.187312470220512,0.168700630911665,0.154793702714478,0.142080862641176,0.135703324747658,0.129011732278602,0.119311268056117,0.117475557921548,0.113119971771642,0.108412845725326,0.108264409277966,0.108238700580362,0.105302615507256,0.103982481983228,0.103561863011166,0.102396983966878,0.101722351903898,0.0982170064656041,0.0995094224062046,0.0979636091784404,0.0973160134845258,0.0964701851537539,0.0961221474405649,0.0991259801171774
"88",0.281982105710839,0.230013975525988,0.188624673594579,0.169102465348244,0.154435087003547,0.145663988387266,0.135195384391322,0.126584416908043,0.118538398850318,0.11821021021882,0.111050590172991,0.109752768666715,0.108563152003008,0.105240432609654,0.105655725119052,0.10611934050073,0.103295631431582,0.102472964489102,0.101724006904564,0.0986977206685589,0.0994558956081577,0.0980148128300048,0.098205300897599,0.0961133767028275,0.0959556724966126,0.0989733831548626
"89",0.288061366651148,0.230118936823385,0.191612079671488,0.165543130918835,0.152292724409911,0.14137549109094,0.135278673101571,0.129678681468177,0.120227653651178,0.118784911189129,0.113983098630239,0.10975827422779,0.107402753443906,0.105647579571054,0.106152062299786,0.103794205773081,0.103422606671728,0.104091916735467,0.1015969620647,0.098984584236734,0.0985994665669588,0.0975312087167391,0.0973472920763978,0.0960582708973106,0.0966266791487577,0.0993046240533972
"90",0.284608476304918,0.225257480024239,0.18531239397686,0.160788934954062,0.14738938896448,0.133880186447956,0.128410379936065,0.119423888469841,0.114026165220214,0.112276675415419,0.109301242136147,0.10700434736771,0.103361590762762,0.101350725514406,0.102469865842825,0.0993812740782269,0.100912808200627,0.0983892031510496,0.0977405627540695,0.0944199643058889,0.095001733915488,0.0936720362776754,0.0934445822960739,0.091654521094627,0.0925116190446174,0.0959306742920746
"91",0.287899999394312,0.226362360270337,0.185302121464147,0.163082427693927,0.144188378632996,0.132487411018062,0.125673036619163,0.115364446494456,0.110129646603508,0.110318456878817,0.106298320753598,0.105070249682034,0.102613669483077,0.101651300314943,0.101143237976006,0.0998258524923994,0.0992704444852891,0.098386863816906,0.0970818958795325,0.0931816339277269,0.0931875032944654,0.0930210234811671,0.0929058957750641,0.0898063342729801,0.0914002313259605,0.0947124090625235
"92",0.298268264626277,0.233953864786884,0.195220491807857,0.169881068460049,0.147584883892248,0.138379537110713,0.128195058240417,0.117469642852851,0.113303291787629,0.112604125515645,0.107720215271321,0.105749102386304,0.103850297260435,0.103666922537212,0.104453013359556,0.101432449669712,0.103878616405332,0.10189764475026,0.0993529587584669,0.0952000708654166,0.0966959221113652,0.0961097650360813,0.0956182079406065,0.0925357551384912,0.0944472977460488,0.0972864708484306
"93",0.318323269306297,0.250789306729851,0.208133209800835,0.183630800710106,0.15726534806954,0.146866958439045,0.136644209945674,0.125912878919809,0.120186383411435,0.119545571407638,0.112891403506896,0.111468559017094,0.109696215913608,0.108613413369053,0.10957397163324,0.107117764171756,0.108038745757832,0.107285322482599,0.107065426833406,0.102494985808915,0.102216836319359,0.102881362808937,0.102537677214017,0.0989367599694943,0.100463168714776,0.103788108059257
"94",0.348334958237114,0.279570718606527,0.230445877248005,0.202068727239971,0.173115950020234,0.163469894474074,0.150421498818216,0.13891132530709,0.13370440476459,0.13055619758558,0.123469735591195,0.122028729019129,0.119181978070821,0.117676673771336,0.120881638294512,0.116787210703762,0.119727454647168,0.119439840860261,0.116634201398281,0.11413473844789,0.11375892196781,0.115297896046382,0.113714554011636,0.111943341333022,0.112695589294064,0.113612246043614
"95",0.385130562279286,0.30902449427809,0.260533818168217,0.226779453048407,0.194835141420161,0.186036745127505,0.172176457554419,0.159258077805809,0.15105801837761,0.147740943371631,0.140403217233615,0.13732679132717,0.136430581077132,0.132962060863299,0.135603166041743,0.134335983558183,0.136542409797858,0.138869157049955,0.134311142742884,0.128880475844362,0.131142780060142,0.131619813466729,0.131104282671146,0.125986822747586,0.127262393436743,0.130487977087071
"96",0.432086802347391,0.348716605201532,0.297583956976979,0.261567759386711,0.226782694225266,0.212774117440493,0.199281508151558,0.1846898426557,0.173708145370567,0.171701711330334,0.165176752290402,0.161543453961371,0.157806931019662,0.157801146119398,0.156438607560043,0.155910863291699,0.157233961588959,0.157132983818923,0.155935986307507,0.151553022594601,0.150648591372961,0.151335905773309,0.152740302873198,0.147556864695075,0.147932855757073,0.153500097739055
"97",0.488740858308981,0.401499244133594,0.340378905167078,0.302041379094933,0.263044545434363,0.249283976973122,0.23170055187553,0.214701327168042,0.206656123653611,0.200820651591356,0.194438976006863,0.193334022830767,0.185787243349435,0.188499204449772,0.184806099486507,0.18764731732099,0.183577177836886,0.187614483568126,0.181661149350072,0.179286315560284,0.18124036652668,0.179364981435341,0.18361240046686,0.174760874682572,0.181043626291004,0.182802250858389
"98",0.554525737629371,0.460083565719385,0.393179346332643,0.356189230884403,0.310736776636159,0.292724870566788,0.274280501453183,0.259675326084857,0.244187252162968,0.241589123015838,0.232365695338443,0.231151614842419,0.223490927957788,0.219564245678715,0.219484781323971,0.217490828257436,0.219863377643009,0.223484923996043,0.222272154157653,0.21486175388212,0.215755047741691,0.221534387728339,0.215408452793844,0.211096236816406,0.213724986196993,0.216533446642472
"99",0.63534004412214,0.526225730012444,0.460540766468755,0.416836502695951,0.365454469465684,0.351002457848723,0.328352859808026,0.311674346636119,0.295432422587007,0.289122638273492,0.278249530120234,0.279147129889094,0.270276285729653,0.266721522791223,0.268035245028716,0.263494616046523,0.264098138701881,0.270777012544542,0.263492399056212,0.257850661312197,0.260965727267525,0.264728052393864,0.258744546692875,0.254946281529769,0.259153134266771,0.263942502553332
"100",0.723820195532369,0.610607273887154,0.535131147061782,0.489103736056219,0.435713654335165,0.416211359004703,0.392767503178773,0.376645537298783,0.355198254131196,0.349614587606868,0.342926013424528,0.335419568258187,0.328613401509395,0.322289853353878,0.320993698366825,0.319505981819328,0.324037724820823,0.326866334765721,0.319767329102224,0.31109655940478,0.318053458376929,0.314433823170185,0.3149618613245,0.312961805047261,0.312509490753484,0.316135935119184
